"Longitude (x)","Latitude (y)","Nom de la Station","ID climatologique","Date/Heure","Année","Mois","Jour","Qualité des Données","Temp max.(°C)","Temp max. Indicateur","Temp min.(°C)","Temp min. Indicateur","Temp moy.(°C)","Temp moy. Indicateur","DJC (°C)","DJC Indicateur","DJR (°C)","DJR Indicateur","Pluie tot. (mm)","Pluie tot. Indicateur","Neige tot. (cm)","Neige tot. Indicateur","Précip. tot. (mm)","Précip. tot. Indicateur","Neige au sol (cm)","Neige au sol Indicateur","Dir. raf. max. (10s deg)","Dir. raf. max. Indicateur","Vit. raf. max. (km/h)","Vit. raf. max. Indicateur"
"-72,67","45,03","ABERCORN","7020040","1985-01-01","1985","01","01","","4,0","","-9,0","","-2,5","","20,5","","0,0","","5,4","","0,0","","5,4","","3","","","","",""
"-72,67","45,03","ABERCORN","7020040","1985-01-02","1985","01","02","","-5,0","","-8,0","","-6,5","","24,5","","0,0","","0,0","","0,0","","0,0","","0","","","","",""
"-72,67","45,03","ABERCORN","7020040","1985-01-03","1985","01","03","","-6,0","","-15,0","","-10,5","","28,5","","0,0","","0,0","","0,0","","0,0","","0","","","","",""
"-72,67","45,03","ABERCORN","7020040","1985-01-04","1985","01","04","","2,0","","-15,0","","-6,5","","24,5","","0,0","","0,0","","0,4","","0,4","","0","","","","",""
"-72,67","45,03","ABERCORN","7020040","1985-01-05","1985","01","05","","-3,0","","-15,0","","-9,0","","27,0","","0,0","","0,0","","0,0","","0,0","","0","","","","",""
"-72,67","45,03","ABERCORN","7020040","1985-01-06","1985","01","06","","-9,0","","-18,0","","-13,5","","31,5","","0,0","","0,0","","0,0","","0,0","","0","","","","",""
"-72,67","45,03","ABERCORN","7020040","1985-01-07","1985","01","07","","-10,0","","-20,5","","-15,3","","33,3","","0,0","","0,0","","8,2","","8,2","","0","","","","",""
"-72,67","45,03","ABERCORN","7020040","1985-01-08","1985","01","08","","-14,0","","-18,0","","-16,0","","34,0","","0,0","","0,0","","3,2","","3,2","","8","","","","",""
"-72,67","45,03","ABERCORN","7020040","1985-01-09","1985","01","09","","-14,0","","-22,5","","-18,3","","36,3","","0,0","","0,0","","0,0","","0,0","","9","","","","",""
"-72,67","45,03","ABERCORN","7020040","1985-01-10","1985","01","10","","-12,0","","-21,0","","-16,5","","34,5","","0,0","","0,0","","0,0","","0,0","","7","","","","",""
"-72,67","45,03","ABERCORN","7020040","1985-01-11","1985","01","11","","-11,0","","-23,0","E","-17,0","","35,0","","0,0","","0,0","","0,0","","0,0","","7","","","","",""
"-72,67","45,03","ABERCORN","7020040","1985-01-12","1985","01","12","","-10,0","","-16,0","","-13,0","","31,0","","0,0","","0,0","","2,5","","2,5","","6","","","","",""
"-72,67","45,03","ABERCORN","7020040","1985-01-13","1985","01","13","","-5,0","","-20,0","","-12,5","","30,5","","0,0","","0,0","","1,2","","1,2","","7","","","","",""
"-72,67","45,03","ABERCORN","7020040","1985-01-14","1985","01","14","","-3,0","","-10,0","","-6,5","","24,5","","0,0","","0,0","","5,6","","5,6","","6","","","","",""
"-72,67","45,03","ABERCORN","7020040","1985-01-15","1985","01","15","","-6,0","","-18,0","","-12,0","","30,0","","0,0","","0,0","","5,4","","5,4","","11","","","","",""
"-72,67","45,03","ABERCORN","7020040","1985-01-16","1985","01","16","","-17,0","","-27,5","","-22,3","","40,3","","0,0","","0,0","","0,0","","0,0","","11","","","","",""
"-72,67","45,03","ABERCORN","7020040","1985-01-17","1985","01","17","","-12,0","","-27,0","E","-19,5","","37,5","","0,0","","0,0","","2,4","","2,4","","10","","","","",""
"-72,67","45,03","ABERCORN","7020040","1985-01-18","1985","01","18","","-7,5","","-19,0","","-13,3","","31,3","","0,0","","0,0","","0,0","","0,0","","11","","","","",""
"-72,67","45,03","ABERCORN","7020040","1985-01-19","1985","01","19","","-3,0","","-17,0","","-10,0","","28,0","","0,0","","0,0","","1,6","","1,6","","11","","","","",""
"-72,67","45,03","ABERCORN","7020040","1985-01-20","1985","01","20","","-9,0","","-19,0","","-14,0","","32,0","","0,0","","0,0","","5,0","","5,0","","12","","","","",""
"-72,67","45,03","ABERCORN","7020040","1985-01-21","1985","01","21","","-12,0","","-21,0","","-16,5","","34,5","","0,0","","0,0","","6,2","","6,2","","17","","","","",""
"-72,67","45,03","ABERCORN","7020040","1985-01-22","1985","01","22","","-7,0","","-21,0","","-14,0","","32,0","","0,0","","0,0","","2,8","","2,8","","22","","","","",""
"-72,67","45,03","ABERCORN","7020040","1985-01-23","1985","01","23","","-5,0","","-9,0","","-7,0","","25,0","","0,0","","0,0","","5,4","","5,4","","23","","","","",""
"-72,67","45,03","ABERCORN","7020040","1985-01-24","1985","01","24","","-5,0","","-15,0","","-10,0","","28,0","","0,0","","0,0","","3,8","","3,8","","26","","","","",""
"-72,67","45,03","ABERCORN","7020040","1985-01-25","1985","01","25","","-3,0","","-13,0","E","-8,0","","26,0","","0,0","","0,0","","5,3","","5,3","","28","","","","",""
"-72,67","45,03","ABERCORN","7020040","1985-01-26","1985","01","26","","-7,0","","-21,0","","-14,0","","32,0","","0,0","","0,0","","3,4","","3,4","","28","","","","",""
"-72,67","45,03","ABERCORN","7020040","1985-01-27","1985","01","27","","-5,0","","-21,0","","-13,0","","31,0","","0,0","","0,0","","3,8","","3,8","","28","","","","",""
"-72,67","45,03","ABERCORN","7020040","1985-01-28","1985","01","28","","-3,5","","-15,0","","-9,3","","27,3","","0,0","","0,0","","0,0","","0,0","","33","","","","",""
"-72,67","45,03","ABERCORN","7020040","1985-01-29","1985","01","29","","-5,5","","-20,0","","-12,8","","30,8","","0,0","","0,0","","0,0","","0,0","","32","","","","",""
"-72,67","45,03","ABERCORN","7020040","1985-01-30","1985","01","30","","-7,0","","-24,0","E","-15,5","","33,5","","0,0","","0,0","","0,0","","0,0","","30","","","","",""
"-72,67","45,03","ABERCORN","7020040","1985-01-31","1985","01","31","","-5,0","","-32,0","","-18,5","","36,5","","0,0","","0,0","","3,0","","3,0","","29","","","","",""
"-72,67","45,03","ABERCORN","7020040","1985-02-01","1985","02","01","","","","","","","","","","","","","","","","","","","","","","",""
"-72,67","45,03","ABERCORN","7020040","1985-02-02","1985","02","02","","","","","","","","","","","","","","","","","","","","","","",""
"-72,67","45,03","ABERCORN","7020040","1985-02-03","1985","02","03","","","","","","","","","","","","","","","","","","","","","","",""
"-72,67","45,03","ABERCORN","7020040","1985-02-04","1985","02","04","","","","","","","","","","","","","","","","","","","","","","",""
"-72,67","45,03","ABERCORN","7020040","1985-02-05","1985","02","05","","","","","","","","","","","","","","","","","","","","","","",""
"-72,67","45,03","ABERCORN","7020040","1985-02-06","1985","02","06","","","","","","","","","","","","","","","","","","","","","","",""
"-72,67","45,03","ABERCORN","7020040","1985-02-07","1985","02","07","","","","","","","","","","","","","","","","","","","","","","",""
"-72,67","45,03","ABERCORN","7020040","1985-02-08","1985","02","08","","","","","","","","","","","","","","","","","","","","","","",""
"-72,67","45,03","ABERCORN","7020040","1985-02-09","1985","02","09","","","","","","","","","","","","","","","","","","","","","","",""
"-72,67","45,03","ABERCORN","7020040","1985-02-10","1985","02","10","","","","","","","","","","","","","","","","","","","","","","",""
"-72,67","45,03","ABERCORN","7020040","1985-02-11","1985","02","11","","","","","","","","","","","","","","","","","","","","","","",""
"-72,67","45,03","ABERCORN","7020040","1985-02-12","1985","02","12","","","","","","","","","","","","","","","","","","","","","","",""
"-72,67","45,03","ABERCORN","7020040","1985-02-13","1985","02","13","","","","","","","","","","","","","","","","","","","","","","",""
"-72,67","45,03","ABERCORN","7020040","1985-02-14","1985","02","14","","","","","","","","","","","","","","","","","","","","","","",""
"-72,67","45,03","ABERCORN","7020040","1985-02-15","1985","02","15","","","","","","","","","","","","","","","","","","","","","","",""
"-72,67","45,03","ABERCORN","7020040","1985-02-16","1985","02","16","","","","","","","","","","","","","","","","","","","","","","",""
"-72,67","45,03","ABERCORN","7020040","1985-02-17","1985","02","17","","","","","","","","","","","","","","","","","","","","","","",""
"-72,67","45,03","ABERCORN","7020040","1985-02-18","1985","02","18","","","","","","","","","","","","","","","","","","","","","","",""
"-72,67","45,03","ABERCORN","7020040","1985-02-19","1985","02","19","","","","","","","","","","","","","","","","","","","","","","",""
"-72,67","45,03","ABERCORN","7020040","1985-02-20","1985","02","20","","","","","","","","","","","","","","","","","","","","","","",""
"-72,67","45,03","ABERCORN","7020040","1985-02-21","1985","02","21","","","","","","","","","","","","","","","","","","","","","","",""
"-72,67","45,03","ABERCORN","7020040","1985-02-22","1985","02","22","","","","","","","","","","","","","","","","","","","","","","",""
"-72,67","45,03","ABERCORN","7020040","1985-02-23","1985","02","23","","","","","","","","","","","","","","","","","","","","","","",""
"-72,67","45,03","ABERCORN","7020040","1985-02-24","1985","02","24","","","","","","","","","","","","","","","","","","","","","","",""
"-72,67","45,03","ABERCORN","7020040","1985-02-25","1985","02","25","","","","","","","","","","","","","","","","","","","","","","",""
"-72,67","45,03","ABERCORN","7020040","1985-02-26","1985","02","26","","","","","","","","","","","","","","","","","","","","","","",""
"-72,67","45,03","ABERCORN","7020040","1985-02-27","1985","02","27","","","","","","","","","","","","","","","","","","","","","","",""
"-72,67","45,03","ABERCORN","7020040","1985-02-28","1985","02","28","","","","","","","","","","","","","","","","","","","","","","",""
"-72,67","45,03","ABERCORN","7020040","1985-03-01","1985","03","01","","","","","","","","","","","","","","","","","","","","","","",""
"-72,67","45,03","ABERCORN","7020040","1985-03-02","1985","03","02","","","","","","","","","","","","","","","","","","","","","","",""
"-72,67","45,03","ABERCORN","7020040","1985-03-03","1985","03","03","","","","","","","","","","","","","","","","","","","","","","",""
"-72,67","45,03","ABERCORN","7020040","1985-03-04","1985","03","04","","","","","","","","","","","","","","","","","","","","","","",""
"-72,67","45,03","ABERCORN","7020040","1985-03-05","1985","03","05","","","","","","","","","","","","","","","","","","","","","","",""
"-72,67","45,03","ABERCORN","7020040","1985-03-06","1985","03","06","","","","","","","","","","","","","","","","","","","","","","",""
"-72,67","45,03","ABERCORN","7020040","1985-03-07","1985","03","07","","","","","","","","","","","","","","","","","","","","","","",""
"-72,67","45,03","ABERCORN","7020040","1985-03-08","1985","03","08","","","","","","","","","","","","","","","","","","","","","","",""
"-72,67","45,03","ABERCORN","7020040","1985-03-09","1985","03","09","","","","","","","","","","","","","","","","","","","","","","",""
"-72,67","45,03","ABERCORN","7020040","1985-03-10","1985","03","10","","","","","","","","","","","","","","","","","","","","","","",""
"-72,67","45,03","ABERCORN","7020040","1985-03-11","1985","03","11","","","","","","","","","","","","","","","","","","","","","","",""
"-72,67","45,03","ABERCORN","7020040","1985-03-12","1985","03","12","","","","","","","","","","","","","","","","","","","","","","",""
"-72,67","45,03","ABERCORN","7020040","1985-03-13","1985","03","13","","","","","","","","","","","","","","","","","","","","","","",""
"-72,67","45,03","ABERCORN","7020040","1985-03-14","1985","03","14","","","","","","","","","","","","","","","","","","","","","","",""
"-72,67","45,03","ABERCORN","7020040","1985-03-15","1985","03","15","","","","","","","","","","","","","","","","","","","","","","",""
"-72,67","45,03","ABERCORN","7020040","1985-03-16","1985","03","16","","","","","","","","","","","","","","","","","","","","","","",""
"-72,67","45,03","ABERCORN","7020040","1985-03-17","1985","03","17","","","","","","","","","","","","","","","","","","","","","","",""
"-72,67","45,03","ABERCORN","7020040","1985-03-18","1985","03","18","","","","","","","","","","","","","","","","","","","","","","",""
"-72,67","45,03","ABERCORN","7020040","1985-03-19","1985","03","19","","","","","","","","","","","","","","","","","","","","","","",""
"-72,67","45,03","ABERCORN","7020040","1985-03-20","1985","03","20","","","","","","","","","","","","","","","","","","","","","","",""
"-72,67","45,03","ABERCORN","7020040","1985-03-21","1985","03","21","","","","","","","","","","","","","","","","","","","","","","",""
"-72,67","45,03","ABERCORN","7020040","1985-03-22","1985","03","22","","","","","","","","","","","","","","","","","","","","","","",""
"-72,67","45,03","ABERCORN","7020040","1985-03-23","1985","03","23","","","","","","","","","","","","","","","","","","","","","","",""
"-72,67","45,03","ABERCORN","7020040","1985-03-24","1985","03","24","","","","","","","","","","","","","","","","","","","","","","",""
"-72,67","45,03","ABERCORN","7020040","1985-03-25","1985","03","25","","","","","","","","","","","","","","","","","","","","","","",""
"-72,67","45,03","ABERCORN","7020040","1985-03-26","1985","03","26","","","","","","","","","","","","","","","","","","","","","","",""
"-72,67","45,03","ABERCORN","7020040","1985-03-27","1985","03","27","","","","","","","","","","","","","","","","","","","","","","",""
"-72,67","45,03","ABERCORN","7020040","1985-03-28","1985","03","28","","","","","","","","","","","","","","","","","","","","","","",""
"-72,67","45,03","ABERCORN","7020040","1985-03-29","1985","03","29","","","","","","","","","","","","","","","","","","","","","","",""
"-72,67","45,03","ABERCORN","7020040","1985-03-30","1985","03","30","","","","","","","","","","","","","","","","","","","","","","",""
"-72,67","45,03","ABERCORN","7020040","1985-03-31","1985","03","31","","","","","","","","","","","","","","","","","","","","","","",""
"-72,67","45,03","ABERCORN","7020040","1985-04-01","1985","04","01","","","","","","","","","","","","","","","","","","","","","","",""
"-72,67","45,03","ABERCORN","7020040","1985-04-02","1985","04","02","","","","","","","","","","","","","","","","","","","","","","",""
"-72,67","45,03","ABERCORN","7020040","1985-04-03","1985","04","03","","","","","","","","","","","","","","","","","","","","","","",""
"-72,67","45,03","ABERCORN","7020040","1985-04-04","1985","04","04","","","","","","","","","","","","","","","","","","","","","","",""
"-72,67","45,03","ABERCORN","7020040","1985-04-05","1985","04","05","","","","","","","","","","","","","","","","","","","","","","",""
"-72,67","45,03","ABERCORN","7020040","1985-04-06","1985","04","06","","","","","","","","","","","","","","","","","","","","","","",""
"-72,67","45,03","ABERCORN","7020040","1985-04-07","1985","04","07","","","","","","","","","","","","","","","","","","","","","","",""
"-72,67","45,03","ABERCORN","7020040","1985-04-08","1985","04","08","","","","","","","","","","","","","","","","","","","","","","",""
"-72,67","45,03","ABERCORN","7020040","1985-04-09","1985","04","09","","","","","","","","","","","","","","","","","","","","","","",""
"-72,67","45,03","ABERCORN","7020040","1985-04-10","1985","04","10","","","","","","","","","","","","","","","","","","","","","","",""
"-72,67","45,03","ABERCORN","7020040","1985-04-11","1985","04","11","","","","","","","","","","","","","","","","","","","","","","",""
"-72,67","45,03","ABERCORN","7020040","1985-04-12","1985","04","12","","","","","","","","","","","","","","","","","","","","","","",""
"-72,67","45,03","ABERCORN","7020040","1985-04-13","1985","04","13","","","","","","","","","","","","","","","","","","","","","","",""
"-72,67","45,03","ABERCORN","7020040","1985-04-14","1985","04","14","","","","","","","","","","","","","","","","","","","","","","",""
"-72,67","45,03","ABERCORN","7020040","1985-04-15","1985","04","15","","","","","","","","","","","","","","","","","","","","","","",""
"-72,67","45,03","ABERCORN","7020040","1985-04-16","1985","04","16","","","","","","","","","","","","","","","","","","","","","","",""
"-72,67","45,03","ABERCORN","7020040","1985-04-17","1985","04","17","","","","","","","","","","","","","","","","","","","","","","",""
"-72,67","45,03","ABERCORN","7020040","1985-04-18","1985","04","18","","","","","","","","","","","","","","","","","","","","","","",""
"-72,67","45,03","ABERCORN","7020040","1985-04-19","1985","04","19","","","","","","","","","","","","","","","","","","","","","","",""
"-72,67","45,03","ABERCORN","7020040","1985-04-20","1985","04","20","","","","","","","","","","","","","","","","","","","","","","",""
"-72,67","45,03","ABERCORN","7020040","1985-04-21","1985","04","21","","","","","","","","","","","","","","","","","","","","","","",""
"-72,67","45,03","ABERCORN","7020040","1985-04-22","1985","04","22","","","","","","","","","","","","","","","","","","","","","","",""
"-72,67","45,03","ABERCORN","7020040","1985-04-23","1985","04","23","","","","","","","","","","","","","","","","","","","","","","",""
"-72,67","45,03","ABERCORN","7020040","1985-04-24","1985","04","24","","","","","","","","","","","","","","","","","","","","","","",""
"-72,67","45,03","ABERCORN","7020040","1985-04-25","1985","04","25","","","","","","","","","","","","","","","","","","","","","","",""
"-72,67","45,03","ABERCORN","7020040","1985-04-26","1985","04","26","","","","","","","","","","","","","","","","","","","","","","",""
"-72,67","45,03","ABERCORN","7020040","1985-04-27","1985","04","27","","","","","","","","","","","","","","","","","","","","","","",""
"-72,67","45,03","ABERCORN","7020040","1985-04-28","1985","04","28","","","","","","","","","","","","","","","","","","","","","","",""
"-72,67","45,03","ABERCORN","7020040","1985-04-29","1985","04","29","","","","","","","","","","","","","","","","","","","","","","",""
"-72,67","45,03","ABERCORN","7020040","1985-04-30","1985","04","30","","","","","","","","","","","","","","","","","","","","","","",""
"-72,67","45,03","ABERCORN","7020040","1985-05-01","1985","05","01","","","","","","","","","","","","","","","","","","","","","","",""
"-72,67","45,03","ABERCORN","7020040","1985-05-02","1985","05","02","","","","","","","","","","","","","","","","","","","","","","",""
"-72,67","45,03","ABERCORN","7020040","1985-05-03","1985","05","03","","","","","","","","","","","","","","","","","","","","","","",""
"-72,67","45,03","ABERCORN","7020040","1985-05-04","1985","05","04","","","","","","","","","","","","","","","","","","","","","","",""
"-72,67","45,03","ABERCORN","7020040","1985-05-05","1985","05","05","","","","","","","","","","","","","","","","","","","","","","",""
"-72,67","45,03","ABERCORN","7020040","1985-05-06","1985","05","06","","","","","","","","","","","","","","","","","","","","","","",""
"-72,67","45,03","ABERCORN","7020040","1985-05-07","1985","05","07","","","","","","","","","","","","","","","","","","","","","","",""
"-72,67","45,03","ABERCORN","7020040","1985-05-08","1985","05","08","","","","","","","","","","","","","","","","","","","","","","",""
"-72,67","45,03","ABERCORN","7020040","1985-05-09","1985","05","09","","","","","","","","","","","","","","","","","","","","","","",""
"-72,67","45,03","ABERCORN","7020040","1985-05-10","1985","05","10","","","","","","","","","","","","","","","","","","","","","","",""
"-72,67","45,03","ABERCORN","7020040","1985-05-11","1985","05","11","","","","","","","","","","","","","","","","","","","","","","",""
"-72,67","45,03","ABERCORN","7020040","1985-05-12","1985","05","12","","","","","","","","","","","","","","","","","","","","","","",""
"-72,67","45,03","ABERCORN","7020040","1985-05-13","1985","05","13","","","","","","","","","","","","","","","","","","","","","","",""
"-72,67","45,03","ABERCORN","7020040","1985-05-14","1985","05","14","","","","","","","","","","","","","","","","","","","","","","",""
"-72,67","45,03","ABERCORN","7020040","1985-05-15","1985","05","15","","","","","","","","","","","","","","","","","","","","","","",""
"-72,67","45,03","ABERCORN","7020040","1985-05-16","1985","05","16","","","","","","","","","","","","","","","","","","","","","","",""
"-72,67","45,03","ABERCORN","7020040","1985-05-17","1985","05","17","","","","","","","","","","","","","","","","","","","","","","",""
"-72,67","45,03","ABERCORN","7020040","1985-05-18","1985","05","18","","","","","","","","","","","","","","","","","","","","","","",""
"-72,67","45,03","ABERCORN","7020040","1985-05-19","1985","05","19","","","","","","","","","","","","","","","","","","","","","","",""
"-72,67","45,03","ABERCORN","7020040","1985-05-20","1985","05","20","","","","","","","","","","","","","","","","","","","","","","",""
"-72,67","45,03","ABERCORN","7020040","1985-05-21","1985","05","21","","","","","","","","","","","","","","","","","","","","","","",""
"-72,67","45,03","ABERCORN","7020040","1985-05-22","1985","05","22","","","","","","","","","","","","","","","","","","","","","","",""
"-72,67","45,03","ABERCORN","7020040","1985-05-23","1985","05","23","","","","","","","","","","","","","","","","","","","","","","",""
"-72,67","45,03","ABERCORN","7020040","1985-05-24","1985","05","24","","","","","","","","","","","","","","","","","","","","","","",""
"-72,67","45,03","ABERCORN","7020040","1985-05-25","1985","05","25","","","","","","","","","","","","","","","","","","","","","","",""
"-72,67","45,03","ABERCORN","7020040","1985-05-26","1985","05","26","","","","","","","","","","","","","","","","","","","","","","",""
"-72,67","45,03","ABERCORN","7020040","1985-05-27","1985","05","27","","","","","","","","","","","","","","","","","","","","","","",""
"-72,67","45,03","ABERCORN","7020040","1985-05-28","1985","05","28","","","","","","","","","","","","","","","","","","","","","","",""
"-72,67","45,03","ABERCORN","7020040","1985-05-29","1985","05","29","","","","","","","","","","","","","","","","","","","","","","",""
"-72,67","45,03","ABERCORN","7020040","1985-05-30","1985","05","30","","","","","","","","","","","","","","","","","","","","","","",""
"-72,67","45,03","ABERCORN","7020040","1985-05-31","1985","05","31","","","","","","","","","","","","","","","","","","","","","","",""
"-72,67","45,03","ABERCORN","7020040","1985-06-01","1985","06","01","","","","","","","","","","","","","","","","","","","","","","",""
"-72,67","45,03","ABERCORN","7020040","1985-06-02","1985","06","02","","","","","","","","","","","","","","","","","","","","","","",""
"-72,67","45,03","ABERCORN","7020040","1985-06-03","1985","06","03","","","","","","","","","","","","","","","","","","","","","","",""
"-72,67","45,03","ABERCORN","7020040","1985-06-04","1985","06","04","","","","","","","","","","","","","","","","","","","","","","",""
"-72,67","45,03","ABERCORN","7020040","1985-06-05","1985","06","05","","","","","","","","","","","","","","","","","","","","","","",""
"-72,67","45,03","ABERCORN","7020040","1985-06-06","1985","06","06","","","","","","","","","","","","","","","","","","","","","","",""
"-72,67","45,03","ABERCORN","7020040","1985-06-07","1985","06","07","","","","","","","","","","","","","","","","","","","","","","",""
"-72,67","45,03","ABERCORN","7020040","1985-06-08","1985","06","08","","","","","","","","","","","","","","","","","","","","","","",""
"-72,67","45,03","ABERCORN","7020040","1985-06-09","1985","06","09","","","","","","","","","","","","","","","","","","","","","","",""
"-72,67","45,03","ABERCORN","7020040","1985-06-10","1985","06","10","","","","","","","","","","","","","","","","","","","","","","",""
"-72,67","45,03","ABERCORN","7020040","1985-06-11","1985","06","11","","","","","","","","","","","","","","","","","","","","","","",""
"-72,67","45,03","ABERCORN","7020040","1985-06-12","1985","06","12","","","","","","","","","","","","","","","","","","","","","","",""
"-72,67","45,03","ABERCORN","7020040","1985-06-13","1985","06","13","","","","","","","","","","","","","","","","","","","","","","",""
"-72,67","45,03","ABERCORN","7020040","1985-06-14","1985","06","14","","","","","","","","","","","","","","","","","","","","","","",""
"-72,67","45,03","ABERCORN","7020040","1985-06-15","1985","06","15","","","","","","","","","","","","","","","","","","","","","","",""
"-72,67","45,03","ABERCORN","7020040","1985-06-16","1985","06","16","","","","","","","","","","","","","","","","","","","","","","",""
"-72,67","45,03","ABERCORN","7020040","1985-06-17","1985","06","17","","","","","","","","","","","","","","","","","","","","","","",""
"-72,67","45,03","ABERCORN","7020040","1985-06-18","1985","06","18","","","","","","","","","","","","","","","","","","","","","","",""
"-72,67","45,03","ABERCORN","7020040","1985-06-19","1985","06","19","","","","","","","","","","","","","","","","","","","","","","",""
"-72,67","45,03","ABERCORN","7020040","1985-06-20","1985","06","20","","","","","","","","","","","","","","","","","","","","","","",""
"-72,67","45,03","ABERCORN","7020040","1985-06-21","1985","06","21","","","","","","","","","","","","","","","","","","","","","","",""
"-72,67","45,03","ABERCORN","7020040","1985-06-22","1985","06","22","","","","","","","","","","","","","","","","","","","","","","",""
"-72,67","45,03","ABERCORN","7020040","1985-06-23","1985","06","23","","","","","","","","","","","","","","","","","","","","","","",""
"-72,67","45,03","ABERCORN","7020040","1985-06-24","1985","06","24","","","","","","","","","","","","","","","","","","","","","","",""
"-72,67","45,03","ABERCORN","7020040","1985-06-25","1985","06","25","","","","","","","","","","","","","","","","","","","","","","",""
"-72,67","45,03","ABERCORN","7020040","1985-06-26","1985","06","26","","","","","","","","","","","","","","","","","","","","","","",""
"-72,67","45,03","ABERCORN","7020040","1985-06-27","1985","06","27","","","","","","","","","","","","","","","","","","","","","","",""
"-72,67","45,03","ABERCORN","7020040","1985-06-28","1985","06","28","","","","","","","","","","","","","","","","","","","","","","",""
"-72,67","45,03","ABERCORN","7020040","1985-06-29","1985","06","29","","","","","","","","","","","","","","","","","","","","","","",""
"-72,67","45,03","ABERCORN","7020040","1985-06-30","1985","06","30","","","","","","","","","","","","","","","","","","","","","","",""
"-72,67","45,03","ABERCORN","7020040","1985-07-01","1985","07","01","","","","","","","","","","","","","","","","","","","","","","",""
"-72,67","45,03","ABERCORN","7020040","1985-07-02","1985","07","02","","","","","","","","","","","","","","","","","","","","","","",""
"-72,67","45,03","ABERCORN","7020040","1985-07-03","1985","07","03","","","","","","","","","","","","","","","","","","","","","","",""
"-72,67","45,03","ABERCORN","7020040","1985-07-04","1985","07","04","","","","","","","","","","","","","","","","","","","","","","",""
"-72,67","45,03","ABERCORN","7020040","1985-07-05","1985","07","05","","","","","","","","","","","","","","","","","","","","","","",""
"-72,67","45,03","ABERCORN","7020040","1985-07-06","1985","07","06","","","","","","","","","","","","","","","","","","","","","","",""
"-72,67","45,03","ABERCORN","7020040","1985-07-07","1985","07","07","","","","","","","","","","","","","","","","","","","","","","",""
"-72,67","45,03","ABERCORN","7020040","1985-07-08","1985","07","08","","","","","","","","","","","","","","","","","","","","","","",""
"-72,67","45,03","ABERCORN","7020040","1985-07-09","1985","07","09","","","","","","","","","","","","","","","","","","","","","","",""
"-72,67","45,03","ABERCORN","7020040","1985-07-10","1985","07","10","","","","","","","","","","","","","","","","","","","","","","",""
"-72,67","45,03","ABERCORN","7020040","1985-07-11","1985","07","11","","","","","","","","","","","","","","","","","","","","","","",""
"-72,67","45,03","ABERCORN","7020040","1985-07-12","1985","07","12","","","","","","","","","","","","","","","","","","","","","","",""
"-72,67","45,03","ABERCORN","7020040","1985-07-13","1985","07","13","","","","","","","","","","","","","","","","","","","","","","",""
"-72,67","45,03","ABERCORN","7020040","1985-07-14","1985","07","14","","","","","","","","","","","","","","","","","","","","","","",""
"-72,67","45,03","ABERCORN","7020040","1985-07-15","1985","07","15","","","","","","","","","","","","","","","","","","","","","","",""
"-72,67","45,03","ABERCORN","7020040","1985-07-16","1985","07","16","","","","","","","","","","","","","","","","","","","","","","",""
"-72,67","45,03","ABERCORN","7020040","1985-07-17","1985","07","17","","","","","","","","","","","","","","","","","","","","","","",""
"-72,67","45,03","ABERCORN","7020040","1985-07-18","1985","07","18","","","","","","","","","","","","","","","","","","","","","","",""
"-72,67","45,03","ABERCORN","7020040","1985-07-19","1985","07","19","","","","","","","","","","","","","","","","","","","","","","",""
"-72,67","45,03","ABERCORN","7020040","1985-07-20","1985","07","20","","","","","","","","","","","","","","","","","","","","","","",""
"-72,67","45,03","ABERCORN","7020040","1985-07-21","1985","07","21","","","","","","","","","","","","","","","","","","","","","","",""
"-72,67","45,03","ABERCORN","7020040","1985-07-22","1985","07","22","","","","","","","","","","","","","","","","","","","","","","",""
"-72,67","45,03","ABERCORN","7020040","1985-07-23","1985","07","23","","","","","","","","","","","","","","","","","","","","","","",""
"-72,67","45,03","ABERCORN","7020040","1985-07-24","1985","07","24","","","","","","","","","","","","","","","","","","","","","","",""
"-72,67","45,03","ABERCORN","7020040","1985-07-25","1985","07","25","","","","","","","","","","","","","","","","","","","","","","",""
"-72,67","45,03","ABERCORN","7020040","1985-07-26","1985","07","26","","","","","","","","","","","","","","","","","","","","","","",""
"-72,67","45,03","ABERCORN","7020040","1985-07-27","1985","07","27","","","","","","","","","","","","","","","","","","","","","","",""
"-72,67","45,03","ABERCORN","7020040","1985-07-28","1985","07","28","","","","","","","","","","","","","","","","","","","","","","",""
"-72,67","45,03","ABERCORN","7020040","1985-07-29","1985","07","29","","","","","","","","","","","","","","","","","","","","","","",""
"-72,67","45,03","ABERCORN","7020040","1985-07-30","1985","07","30","","","","","","","","","","","","","","","","","","","","","","",""
"-72,67","45,03","ABERCORN","7020040","1985-07-31","1985","07","31","","","","","","","","","","","","","","","","","","","","","","",""
"-72,67","45,03","ABERCORN","7020040","1985-08-01","1985","08","01","","","","","","","","","","","","","","","","","","","","","","",""
"-72,67","45,03","ABERCORN","7020040","1985-08-02","1985","08","02","","","","","","","","","","","","","","","","","","","","","","",""
"-72,67","45,03","ABERCORN","7020040","1985-08-03","1985","08","03","","","","","","","","","","","","","","","","","","","","","","",""
"-72,67","45,03","ABERCORN","7020040","1985-08-04","1985","08","04","","","","","","","","","","","","","","","","","","","","","","",""
"-72,67","45,03","ABERCORN","7020040","1985-08-05","1985","08","05","","","","","","","","","","","","","","","","","","","","","","",""
"-72,67","45,03","ABERCORN","7020040","1985-08-06","1985","08","06","","","","","","","","","","","","","","","","","","","","","","",""
"-72,67","45,03","ABERCORN","7020040","1985-08-07","1985","08","07","","","","","","","","","","","","","","","","","","","","","","",""
"-72,67","45,03","ABERCORN","7020040","1985-08-08","1985","08","08","","","","","","","","","","","","","","","","","","","","","","",""
"-72,67","45,03","ABERCORN","7020040","1985-08-09","1985","08","09","","","","","","","","","","","","","","","","","","","","","","",""
"-72,67","45,03","ABERCORN","7020040","1985-08-10","1985","08","10","","","","","","","","","","","","","","","","","","","","","","",""
"-72,67","45,03","ABERCORN","7020040","1985-08-11","1985","08","11","","","","","","","","","","","","","","","","","","","","","","",""
"-72,67","45,03","ABERCORN","7020040","1985-08-12","1985","08","12","","","","","","","","","","","","","","","","","","","","","","",""
"-72,67","45,03","ABERCORN","7020040","1985-08-13","1985","08","13","","","","","","","","","","","","","","","","","","","","","","",""
"-72,67","45,03","ABERCORN","7020040","1985-08-14","1985","08","14","","","","","","","","","","","","","","","","","","","","","","",""
"-72,67","45,03","ABERCORN","7020040","1985-08-15","1985","08","15","","","","","","","","","","","","","","","","","","","","","","",""
"-72,67","45,03","ABERCORN","7020040","1985-08-16","1985","08","16","","","","","","","","","","","","","","","","","","","","","","",""
"-72,67","45,03","ABERCORN","7020040","1985-08-17","1985","08","17","","","","","","","","","","","","","","","","","","","","","","",""
"-72,67","45,03","ABERCORN","7020040","1985-08-18","1985","08","18","","","","","","","","","","","","","","","","","","","","","","",""
"-72,67","45,03","ABERCORN","7020040","1985-08-19","1985","08","19","","","","","","","","","","","","","","","","","","","","","","",""
"-72,67","45,03","ABERCORN","7020040","1985-08-20","1985","08","20","","","","","","","","","","","","","","","","","","","","","","",""
"-72,67","45,03","ABERCORN","7020040","1985-08-21","1985","08","21","","","","","","","","","","","","","","","","","","","","","","",""
"-72,67","45,03","ABERCORN","7020040","1985-08-22","1985","08","22","","","","","","","","","","","","","","","","","","","","","","",""
"-72,67","45,03","ABERCORN","7020040","1985-08-23","1985","08","23","","","","","","","","","","","","","","","","","","","","","","",""
"-72,67","45,03","ABERCORN","7020040","1985-08-24","1985","08","24","","","","","","","","","","","","","","","","","","","","","","",""
"-72,67","45,03","ABERCORN","7020040","1985-08-25","1985","08","25","","","","","","","","","","","","","","","","","","","","","","",""
"-72,67","45,03","ABERCORN","7020040","1985-08-26","1985","08","26","","","","","","","","","","","","","","","","","","","","","","",""
"-72,67","45,03","ABERCORN","7020040","1985-08-27","1985","08","27","","","","","","","","","","","","","","","","","","","","","","",""
"-72,67","45,03","ABERCORN","7020040","1985-08-28","1985","08","28","","","","","","","","","","","","","","","","","","","","","","",""
"-72,67","45,03","ABERCORN","7020040","1985-08-29","1985","08","29","","","","","","","","","","","","","","","","","","","","","","",""
"-72,67","45,03","ABERCORN","7020040","1985-08-30","1985","08","30","","","","","","","","","","","","","","","","","","","","","","",""
"-72,67","45,03","ABERCORN","7020040","1985-08-31","1985","08","31","","","","","","","","","","","","","","","","","","","","","","",""
"-72,67","45,03","ABERCORN","7020040","1985-09-01","1985","09","01","","","","","","","","","","","","","","","","","","","","","","",""
"-72,67","45,03","ABERCORN","7020040","1985-09-02","1985","09","02","","","","","","","","","","","","","","","","","","","","","","",""
"-72,67","45,03","ABERCORN","7020040","1985-09-03","1985","09","03","","","","","","","","","","","","","","","","","","","","","","",""
"-72,67","45,03","ABERCORN","7020040","1985-09-04","1985","09","04","","","","","","","","","","","","","","","","","","","","","","",""
"-72,67","45,03","ABERCORN","7020040","1985-09-05","1985","09","05","","","","","","","","","","","","","","","","","","","","","","",""
"-72,67","45,03","ABERCORN","7020040","1985-09-06","1985","09","06","","","","","","","","","","","","","","","","","","","","","","",""
"-72,67","45,03","ABERCORN","7020040","1985-09-07","1985","09","07","","","","","","","","","","","","","","","","","","","","","","",""
"-72,67","45,03","ABERCORN","7020040","1985-09-08","1985","09","08","","","","","","","","","","","","","","","","","","","","","","",""
"-72,67","45,03","ABERCORN","7020040","1985-09-09","1985","09","09","","","","","","","","","","","","","","","","","","","","","","",""
"-72,67","45,03","ABERCORN","7020040","1985-09-10","1985","09","10","","","","","","","","","","","","","","","","","","","","","","",""
"-72,67","45,03","ABERCORN","7020040","1985-09-11","1985","09","11","","","","","","","","","","","","","","","","","","","","","","",""
"-72,67","45,03","ABERCORN","7020040","1985-09-12","1985","09","12","","","","","","","","","","","","","","","","","","","","","","",""
"-72,67","45,03","ABERCORN","7020040","1985-09-13","1985","09","13","","","","","","","","","","","","","","","","","","","","","","",""
"-72,67","45,03","ABERCORN","7020040","1985-09-14","1985","09","14","","","","","","","","","","","","","","","","","","","","","","",""
"-72,67","45,03","ABERCORN","7020040","1985-09-15","1985","09","15","","","","","","","","","","","","","","","","","","","","","","",""
"-72,67","45,03","ABERCORN","7020040","1985-09-16","1985","09","16","","","","","","","","","","","","","","","","","","","","","","",""
"-72,67","45,03","ABERCORN","7020040","1985-09-17","1985","09","17","","","","","","","","","","","","","","","","","","","","","","",""
"-72,67","45,03","ABERCORN","7020040","1985-09-18","1985","09","18","","","","","","","","","","","","","","","","","","","","","","",""
"-72,67","45,03","ABERCORN","7020040","1985-09-19","1985","09","19","","","","","","","","","","","","","","","","","","","","","","",""
"-72,67","45,03","ABERCORN","7020040","1985-09-20","1985","09","20","","","","","","","","","","","","","","","","","","","","","","",""
"-72,67","45,03","ABERCORN","7020040","1985-09-21","1985","09","21","","","","","","","","","","","","","","","","","","","","","","",""
"-72,67","45,03","ABERCORN","7020040","1985-09-22","1985","09","22","","","","","","","","","","","","","","","","","","","","","","",""
"-72,67","45,03","ABERCORN","7020040","1985-09-23","1985","09","23","","","","","","","","","","","","","","","","","","","","","","",""
"-72,67","45,03","ABERCORN","7020040","1985-09-24","1985","09","24","","","","","","","","","","","","","","","","","","","","","","",""
"-72,67","45,03","ABERCORN","7020040","1985-09-25","1985","09","25","","","","","","","","","","","","","","","","","","","","","","",""
"-72,67","45,03","ABERCORN","7020040","1985-09-26","1985","09","26","","","","","","","","","","","","","","","","","","","","","","",""
"-72,67","45,03","ABERCORN","7020040","1985-09-27","1985","09","27","","","","","","","","","","","","","","","","","","","","","","",""
"-72,67","45,03","ABERCORN","7020040","1985-09-28","1985","09","28","","","","","","","","","","","","","","","","","","","","","","",""
"-72,67","45,03","ABERCORN","7020040","1985-09-29","1985","09","29","","","","","","","","","","","","","","","","","","","","","","",""
"-72,67","45,03","ABERCORN","7020040","1985-09-30","1985","09","30","","","","","","","","","","","","","","","","","","","","","","",""
"-72,67","45,03","ABERCORN","7020040","1985-10-01","1985","10","01","","","","","","","","","","","","","","","","","","","","","","",""
"-72,67","45,03","ABERCORN","7020040","1985-10-02","1985","10","02","","","","","","","","","","","","","","","","","","","","","","",""
"-72,67","45,03","ABERCORN","7020040","1985-10-03","1985","10","03","","","","","","","","","","","","","","","","","","","","","","",""
"-72,67","45,03","ABERCORN","7020040","1985-10-04","1985","10","04","","","","","","","","","","","","","","","","","","","","","","",""
"-72,67","45,03","ABERCORN","7020040","1985-10-05","1985","10","05","","","","","","","","","","","","","","","","","","","","","","",""
"-72,67","45,03","ABERCORN","7020040","1985-10-06","1985","10","06","","","","","","","","","","","","","","","","","","","","","","",""
"-72,67","45,03","ABERCORN","7020040","1985-10-07","1985","10","07","","","","","","","","","","","","","","","","","","","","","","",""
"-72,67","45,03","ABERCORN","7020040","1985-10-08","1985","10","08","","","","","","","","","","","","","","","","","","","","","","",""
"-72,67","45,03","ABERCORN","7020040","1985-10-09","1985","10","09","","","","","","","","","","","","","","","","","","","","","","",""
"-72,67","45,03","ABERCORN","7020040","1985-10-10","1985","10","10","","","","","","","","","","","","","","","","","","","","","","",""
"-72,67","45,03","ABERCORN","7020040","1985-10-11","1985","10","11","","","","","","","","","","","","","","","","","","","","","","",""
"-72,67","45,03","ABERCORN","7020040","1985-10-12","1985","10","12","","","","","","","","","","","","","","","","","","","","","","",""
"-72,67","45,03","ABERCORN","7020040","1985-10-13","1985","10","13","","","","","","","","","","","","","","","","","","","","","","",""
"-72,67","45,03","ABERCORN","7020040","1985-10-14","1985","10","14","","","","","","","","","","","","","","","","","","","","","","",""
"-72,67","45,03","ABERCORN","7020040","1985-10-15","1985","10","15","","","","","","","","","","","","","","","","","","","","","","",""
"-72,67","45,03","ABERCORN","7020040","1985-10-16","1985","10","16","","","","","","","","","","","","","","","","","","","","","","",""
"-72,67","45,03","ABERCORN","7020040","1985-10-17","1985","10","17","","","","","","","","","","","","","","","","","","","","","","",""
"-72,67","45,03","ABERCORN","7020040","1985-10-18","1985","10","18","","","","","","","","","","","","","","","","","","","","","","",""
"-72,67","45,03","ABERCORN","7020040","1985-10-19","1985","10","19","","","","","","","","","","","","","","","","","","","","","","",""
"-72,67","45,03","ABERCORN","7020040","1985-10-20","1985","10","20","","","","","","","","","","","","","","","","","","","","","","",""
"-72,67","45,03","ABERCORN","7020040","1985-10-21","1985","10","21","","","","","","","","","","","","","","","","","","","","","","",""
"-72,67","45,03","ABERCORN","7020040","1985-10-22","1985","10","22","","","","","","","","","","","","","","","","","","","","","","",""
"-72,67","45,03","ABERCORN","7020040","1985-10-23","1985","10","23","","","","","","","","","","","","","","","","","","","","","","",""
"-72,67","45,03","ABERCORN","7020040","1985-10-24","1985","10","24","","","","","","","","","","","","","","","","","","","","","","",""
"-72,67","45,03","ABERCORN","7020040","1985-10-25","1985","10","25","","","","","","","","","","","","","","","","","","","","","","",""
"-72,67","45,03","ABERCORN","7020040","1985-10-26","1985","10","26","","","","","","","","","","","","","","","","","","","","","","",""
"-72,67","45,03","ABERCORN","7020040","1985-10-27","1985","10","27","","","","","","","","","","","","","","","","","","","","","","",""
"-72,67","45,03","ABERCORN","7020040","1985-10-28","1985","10","28","","","","","","","","","","","","","","","","","","","","","","",""
"-72,67","45,03","ABERCORN","7020040","1985-10-29","1985","10","29","","","","","","","","","","","","","","","","","","","","","","",""
"-72,67","45,03","ABERCORN","7020040","1985-10-30","1985","10","30","","","","","","","","","","","","","","","","","","","","","","",""
"-72,67","45,03","ABERCORN","7020040","1985-10-31","1985","10","31","","","","","","","","","","","","","","","","","","","","","","",""
"-72,67","45,03","ABERCORN","7020040","1985-11-01","1985","11","01","","","","","","","","","","","","","","","","","","","","","","",""
"-72,67","45,03","ABERCORN","7020040","1985-11-02","1985","11","02","","","","","","","","","","","","","","","","","","","","","","",""
"-72,67","45,03","ABERCORN","7020040","1985-11-03","1985","11","03","","","","","","","","","","","","","","","","","","","","","","",""
"-72,67","45,03","ABERCORN","7020040","1985-11-04","1985","11","04","","","","","","","","","","","","","","","","","","","","","","",""
"-72,67","45,03","ABERCORN","7020040","1985-11-05","1985","11","05","","","","","","","","","","","","","","","","","","","","","","",""
"-72,67","45,03","ABERCORN","7020040","1985-11-06","1985","11","06","","","","","","","","","","","","","","","","","","","","","","",""
"-72,67","45,03","ABERCORN","7020040","1985-11-07","1985","11","07","","","","","","","","","","","","","","","","","","","","","","",""
"-72,67","45,03","ABERCORN","7020040","1985-11-08","1985","11","08","","","","","","","","","","","","","","","","","","","","","","",""
"-72,67","45,03","ABERCORN","7020040","1985-11-09","1985","11","09","","","","","","","","","","","","","","","","","","","","","","",""
"-72,67","45,03","ABERCORN","7020040","1985-11-10","1985","11","10","","","","","","","","","","","","","","","","","","","","","","",""
"-72,67","45,03","ABERCORN","7020040","1985-11-11","1985","11","11","","","","","","","","","","","","","","","","","","","","","","",""
"-72,67","45,03","ABERCORN","7020040","1985-11-12","1985","11","12","","","","","","","","","","","","","","","","","","","","","","",""
"-72,67","45,03","ABERCORN","7020040","1985-11-13","1985","11","13","","","","","","","","","","","","","","","","","","","","","","",""
"-72,67","45,03","ABERCORN","7020040","1985-11-14","1985","11","14","","","","","","","","","","","","","","","","","","","","","","",""
"-72,67","45,03","ABERCORN","7020040","1985-11-15","1985","11","15","","","","","","","","","","","","","","","","","","","","","","",""
"-72,67","45,03","ABERCORN","7020040","1985-11-16","1985","11","16","","","","","","","","","","","","","","","","","","","","","","",""
"-72,67","45,03","ABERCORN","7020040","1985-11-17","1985","11","17","","","","","","","","","","","","","","","","","","","","","","",""
"-72,67","45,03","ABERCORN","7020040","1985-11-18","1985","11","18","","","","","","","","","","","","","","","","","","","","","","",""
"-72,67","45,03","ABERCORN","7020040","1985-11-19","1985","11","19","","","","","","","","","","","","","","","","","","","","","","",""
"-72,67","45,03","ABERCORN","7020040","1985-11-20","1985","11","20","","","","","","","","","","","","","","","","","","","","","","",""
"-72,67","45,03","ABERCORN","7020040","1985-11-21","1985","11","21","","","","","","","","","","","","","","","","","","","","","","",""
"-72,67","45,03","ABERCORN","7020040","1985-11-22","1985","11","22","","","","","","","","","","","","","","","","","","","","","","",""
"-72,67","45,03","ABERCORN","7020040","1985-11-23","1985","11","23","","","","","","","","","","","","","","","","","","","","","","",""
"-72,67","45,03","ABERCORN","7020040","1985-11-24","1985","11","24","","","","","","","","","","","","","","","","","","","","","","",""
"-72,67","45,03","ABERCORN","7020040","1985-11-25","1985","11","25","","","","","","","","","","","","","","","","","","","","","","",""
"-72,67","45,03","ABERCORN","7020040","1985-11-26","1985","11","26","","","","","","","","","","","","","","","","","","","","","","",""
"-72,67","45,03","ABERCORN","7020040","1985-11-27","1985","11","27","","","","","","","","","","","","","","","","","","","","","","",""
"-72,67","45,03","ABERCORN","7020040","1985-11-28","1985","11","28","","","","","","","","","","","","","","","","","","","","","","",""
"-72,67","45,03","ABERCORN","7020040","1985-11-29","1985","11","29","","","","","","","","","","","","","","","","","","","","","","",""
"-72,67","45,03","ABERCORN","7020040","1985-11-30","1985","11","30","","","","","","","","","","","","","","","","","","","","","","",""
"-72,67","45,03","ABERCORN","7020040","1985-12-01","1985","12","01","","","","","","","","","","","","","","","","","","","","","","",""
"-72,67","45,03","ABERCORN","7020040","1985-12-02","1985","12","02","","","","","","","","","","","","","","","","","","","","","","",""
"-72,67","45,03","ABERCORN","7020040","1985-12-03","1985","12","03","","","","","","","","","","","","","","","","","","","","","","",""
"-72,67","45,03","ABERCORN","7020040","1985-12-04","1985","12","04","","","","","","","","","","","","","","","","","","","","","","",""
"-72,67","45,03","ABERCORN","7020040","1985-12-05","1985","12","05","","","","","","","","","","","","","","","","","","","","","","",""
"-72,67","45,03","ABERCORN","7020040","1985-12-06","1985","12","06","","","","","","","","","","","","","","","","","","","","","","",""
"-72,67","45,03","ABERCORN","7020040","1985-12-07","1985","12","07","","","","","","","","","","","","","","","","","","","","","","",""
"-72,67","45,03","ABERCORN","7020040","1985-12-08","1985","12","08","","","","","","","","","","","","","","","","","","","","","","",""
"-72,67","45,03","ABERCORN","7020040","1985-12-09","1985","12","09","","","","","","","","","","","","","","","","","","","","","","",""
"-72,67","45,03","ABERCORN","7020040","1985-12-10","1985","12","10","","","","","","","","","","","","","","","","","","","","","","",""
"-72,67","45,03","ABERCORN","7020040","1985-12-11","1985","12","11","","","","","","","","","","","","","","","","","","","","","","",""
"-72,67","45,03","ABERCORN","7020040","1985-12-12","1985","12","12","","","","","","","","","","","","","","","","","","","","","","",""
"-72,67","45,03","ABERCORN","7020040","1985-12-13","1985","12","13","","","","","","","","","","","","","","","","","","","","","","",""
"-72,67","45,03","ABERCORN","7020040","1985-12-14","1985","12","14","","","","","","","","","","","","","","","","","","","","","","",""
"-72,67","45,03","ABERCORN","7020040","1985-12-15","1985","12","15","","","","","","","","","","","","","","","","","","","","","","",""
"-72,67","45,03","ABERCORN","7020040","1985-12-16","1985","12","16","","","","","","","","","","","","","","","","","","","","","","",""
"-72,67","45,03","ABERCORN","7020040","1985-12-17","1985","12","17","","","","","","","","","","","","","","","","","","","","","","",""
"-72,67","45,03","ABERCORN","7020040","1985-12-18","1985","12","18","","","","","","","","","","","","","","","","","","","","","","",""
"-72,67","45,03","ABERCORN","7020040","1985-12-19","1985","12","19","","","","","","","","","","","","","","","","","","","","","","",""
"-72,67","45,03","ABERCORN","7020040","1985-12-20","1985","12","20","","","","","","","","","","","","","","","","","","","","","","",""
"-72,67","45,03","ABERCORN","7020040","1985-12-21","1985","12","21","","","","","","","","","","","","","","","","","","","","","","",""
"-72,67","45,03","ABERCORN","7020040","1985-12-22","1985","12","22","","","","","","","","","","","","","","","","","","","","","","",""
"-72,67","45,03","ABERCORN","7020040","1985-12-23","1985","12","23","","","","","","","","","","","","","","","","","","","","","","",""
"-72,67","45,03","ABERCORN","7020040","1985-12-24","1985","12","24","","","","","","","","","","","","","","","","","","","","","","",""
"-72,67","45,03","ABERCORN","7020040","1985-12-25","1985","12","25","","","","","","","","","","","","","","","","","","","","","","",""
"-72,67","45,03","ABERCORN","7020040","1985-12-26","1985","12","26","","","","","","","","","","","","","","","","","","","","","","",""
"-72,67","45,03","ABERCORN","7020040","1985-12-27","1985","12","27","","","","","","","","","","","","","","","","","","","","","","",""
"-72,67","45,03","ABERCORN","7020040","1985-12-28","1985","12","28","","","","","","","","","","","","","","","","","","","","","","",""
"-72,67","45,03","ABERCORN","7020040","1985-12-29","1985","12","29","","","","","","","","","","","","","","","","","","","","","","",""
"-72,67","45,03","ABERCORN","7020040","1985-12-30","1985","12","30","","","","","","","","","","","","","","","","","","","","","","",""
"-72,67","45,03","ABERCORN","7020040","1985-12-31","1985","12","31","","","","","","","","","","","","","","","","","","","","","","",""
